,base asset,compare asset,label
188,BIS,TUR,0
343,DAPP,SKYU,0
342,DAPP,QQQH,0
2810,SMH,TQQQ,0
190,BITS,SKYU,0
2378,PGJ,UCYB,0
2377,PGJ,TUR,0
2376,PGJ,TQQQ,0
2375,PGJ,SPRX,0
2374,PGJ,SOXQ,0
2373,PGJ,SMH,0
2372,PGJ,SKYU,0
2371,PGJ,SARK,0
2370,PGJ,RING,0
2369,PGJ,QQQH,0
202,BTF,TQQQ,0
201,BTF,SPRX,0
200,BTF,SOXQ,0
198,BKCH,TQQQ,0
197,BKCH,SPRX,0
196,BKCH,SKYU,0
195,BKCH,QQQH,0
194,BKCH,BTF,0
193,BITS,UCYB,0
192,BITS,TQQQ,0
191,BITS,SPRX,0
344,DAPP,SPRX,0
345,DAPP,UCYB,0
189,BITS,QQQH,0
1855,IUS,PRN,1
1951,JSMD,PNQI,1
1952,JSMD,PPI,1
1953,JSMD,PRN,1
1954,JSMD,PSET,1
1955,JSMD,PSL,1
1956,JSMD,PTF,1
1957,JSMD,PTNQ,1
1950,JSMD,PKW,1
1958,JSMD,PY,1
1960,JSMD,QQMG,1
1961,JSMD,QQQ,1
1962,JSMD,QQQM,1
1963,JSMD,QTR,1
1964,JSMD,QYLD,1
1965,JSMD,QYLG,1
1966,JSMD,RDVY,1
1959,JSMD,QCLR,1
1967,JSMD,RTH,1
1949,JSMD,PFM,1
1947,JSMD,OPPJ,1
1931,IUSV,XOVR,1
1932,IVAL,OPPJ,1
1933,IVAL,RFDI,1
1934,IVAL,RNEM,1
1935,IXUS,KBWP,1
1936,IXUS,PID,1
1937,IXUS,RFDI,1
1948,JSMD,PDP,1
1938,IXUS,VXUS,1
1940,JSMD,KBWP,1
1941,JSMD,KNGZ,1
1942,JSMD,KRMA,1
1943,JSMD,LEXI,1
1944,JSMD,MDIV,1
1945,JSMD,NZAC,1
1946,JSMD,ONEQ,1
1939,IXUS,VYMI,1
1930,IUSV,VIGI,1
1968,JSMD,SDVY,1
1970,JSMD,SPBC,1
1981,JSMD,VSMV,1
1982,JSMD,VTHR,1
1983,JSMD,XOVR,1
1984,JSMD,YLDE,1
1837,ISHP,SIXG,1
1836,ISHP,RTH,1
1835,ISHP,RDVY,1
1838,ISHP,SPBC,1
1985,KBWP,KRMA,1
1833,ISHP,PSL,1
1832,ISHP,PID,1
1831,ISHP,MDIV,1
1830,ISHP,KBWP,1
1829,IPKW,RFDI,1
1828,IPKW,PIZ,1
1827,IPKW,KBWP,1
1834,ISHP,QTUM,1
1969,JSMD,SHRY,1
1839,ISHP,ULVM,1
1841,ISHP,VONV,1
1971,JSMD,SUSL,1
1972,JSMD,TDIV,1
1973,JSMD,UEVM,1
1974,JSMD,USMC,1
1975,JSMD,USXF,1
1976,JSMD,VONE,1
1977,JSMD,VONG,1
1840,ISHP,USMC,1
1978,JSMD,VONV,1
1980,JSMD,VSDA,1
1847,IUS,LEXI,1
1846,IUS,KRMA,1
1845,IUS,JSMD,1
1844,IUS,IUSG,1
1843,ISHP,YLDE,1
1842,ISHP,VSMV,1
1979,JSMD,VOTE,1
1854,IUS,PNQI,1
1929,IUSV,USXF,1
1927,IUSV,UEVM,1
1872,IUS,SPBC,1
1873,IUS,SUSL,1
1874,IUS,TDIV,1
1875,IUS,USMC,1
1876,IUS,USVM,1
1877,IUS,USXF,1
1878,IUS,VONE,1
1871,IUS,SKYY,1
1879,IUS,VONG,1
1881,IUS,VTHR,1
1882,IUS,XOVR,1
1883,IUSG,JSMD,1
1884,IUSG,KBWP,1
1885,IUSG,MDIV,1
1886,IUSG,MILN,1
1887,IUSG,PDP,1
1880,IUS,VOTE,1
1888,IUSG,PFM,1
1870,IUS,SHRY,1
1868,IUS,RDVY,1
1853,IUS,PHO,1
1852,IUS,PDP,1
1851,IUS,ONEQ,1
1850,IUS,NZAC,1
1856,IUS,PSC,1
1857,IUS,PSET,1
1858,IUS,PTF,1
1869,IUS,RFDI,1
1859,IUS,QCLR,1
1861,IUS,QQMG,1
1862,IUS,QQQ,1
1863,IUS,QQQE,1
1864,IUS,QQQM,1
1865,IUS,QTR,1
1866,IUS,QYLD,1
1867,IUS,QYLG,1
1860,IUS,QQEW,1
1928,IUSV,USVM,1
1889,IUSG,PSC,1
1891,IUSG,RDVY,1
1911,IUSV,PSET,1
1912,IUSV,PTF,1
1913,IUSV,QCLR,1
1848,IUS,MILN,1
1915,IUSV,QQMG,1
1916,IUSV,QQQ,1
1917,IUSV,QQQE,1
1849,IUS,NXTG,1
1918,IUSV,QQQM,1
1920,IUSV,QTR,1
1921,IUSV,QVAL,1
1922,IUSV,QYLD,1
1923,IUSV,QYLG,1
1924,IUSV,SDVY,1
1925,IUSV,SUSL,1
1926,IUSV,TDIV,1
1919,IUSV,QTEC,1
1890,IUSG,QCLR,1
1910,IUSV,PSCI,1
1908,IUSV,PRN,1
1892,IUSG,RTH,1
1893,IUSG,SHRY,1
1894,IUSG,SPBC,1
1895,IUSG,ULVM,1
1896,IUSG,VONE,1
1897,IUSG,VONV,1
1898,IUSG,VOTE,1
1909,IUSV,PSC,1
1899,IUSG,VSMV,1
1901,IUSV,JSMD,1
1902,IUSV,KRMA,1
1903,IUSV,MILN,1
1904,IUSV,ONEQ,1
1905,IUSV,PDP,1
1906,IUSV,PHO,1
1907,IUSV,PNQI,1
1900,IUSG,YLDE,1
1914,IUSV,QQEW,1
0,AADR,CIBR,1
1986,KBWP,LEGR,1
2107,MDIV,RFEM,1
2108,MDIV,RTH,1
2109,MDIV,SIXG,1
2110,MDIV,SKYY,1
2111,MDIV,SPBC,1
2112,MDIV,SUSL,1
2113,MDIV,TDIV,1
2114,MDIV,ULVM,1
2115,MDIV,VONE,1
2116,MDIV,VONG,1
2117,MDIV,VOTE,1
2118,MDIV,VTHR,1
2119,MDIV,XOVR,1
2120,MILN,NZAC,1
2121,MILN,OPPJ,1
2122,MILN,PFI,1
2123,MILN,PID,1
2124,MILN,PKW,1
2125,MILN,PPI,1
2106,MDIV,QCLR,1
2105,MDIV,PY,1
2104,MDIV,PTF,1
2103,MDIV,PSC,1
2083,LEXI,RDVY,1
2084,LEXI,RTH,1
2085,LEXI,SHRY,1
2086,LEXI,SPBC,1
2087,LEXI,TDIV,1
2088,LEXI,UEVM,1
2089,LEXI,USMC,1
2090,LEXI,USXF,1
2091,LEXI,VONV,1
2126,MILN,PSL,1
2092,LEXI,VSMV,1
2094,LVHD,PUI,1
2095,MDIV,MILN,1
2096,MDIV,NXTG,1
2097,MDIV,NZAC,1
2098,MDIV,ONEQ,1
2099,MDIV,PDP,1
2100,MDIV,PFI,1
2101,MDIV,PFM,1
2102,MDIV,PNQI,1
2093,LEXI,YLDE,1
2082,LEXI,QCLR,1
2127,MILN,PY,1
2129,MILN,QTUM,1
2154,NFTY,QVAL,1
2155,NFTY,SOXX,1
2156,NXTG,PID,1
2157,NXTG,PNQI,1
2158,NXTG,QYLD,1
2159,NXTG,RFEM,1
2160,NXTG,SPBC,1
2161,NXTG,UEVM,1
2162,NXTG,USMC,1
2163,NXTG,VONV,1
2164,NXTG,VSMV,1
2165,NXTG,VYMI,1
2166,NXTG,YLDE,1
2167,NZAC,PSC,1
2168,NZAC,QCLR,1
2169,NZAC,RDVY,1
2170,NZAC,SHRY,1
2171,NZAC,SPBC,1
2172,NZAC,TDIV,1
2153,NFTY,QTEC,1
2152,NFTY,QQQE,1
2151,NFTY,QQEW,1
2150,NFTY,PSC,1
2130,MILN,RDVY,1
2131,MILN,RTH,1
2132,MILN,SHRY,1
2133,MILN,SPBC,1
2134,MILN,SUSL,1
2135,MILN,TDIV,1
2136,MILN,UEVM,1
2137,MILN,ULVM,1
2138,MILN,USMC,1
2128,MILN,QCLR,1
2139,MILN,USXF,1
2141,MILN,VONV,1
2142,MILN,VSDA,1
2143,MILN,VSMV,1
2144,MILN,VTHR,1
2145,MILN,VYMI,1
2146,MILN,XOVR,1
2147,MILN,YLDE,1
2148,NFTY,PHO,1
2149,NFTY,PPH,1
2140,MILN,VONG,1
2081,LEXI,PSC,1
2080,LEXI,PNQI,1
2079,LEXI,PKW,1
2011,KBWP,SIXG,1
2012,KBWP,SKYY,1
2013,KBWP,SPBC,1
2014,KBWP,SUSL,1
2015,KBWP,TDIV,1
2016,KBWP,ULVM,1
2017,KBWP,USXF,1
2018,KBWP,VIGI,1
2019,KBWP,VONE,1
2020,KBWP,VONG,1
2021,KBWP,VONV,1
2022,KBWP,VOTE,1
2023,KBWP,VSDA,1
2024,KBWP,VSMV,1
2025,KBWP,VTHR,1
2026,KBWP,VXUS,1
2027,KBWP,WCBR,1
2028,KBWP,XOVR,1
2029,KBWP,YLDE,1
2010,KBWP,SHRY,1
2009,KBWP,RTH,1
2008,KBWP,RFEM,1
2007,KBWP,RFDI,1
1987,KBWP,LEXI,1
1988,KBWP,MDIV,1
1989,KBWP,MILN,1
1990,KBWP,NXTG,1
1991,KBWP,NZAC,1
1992,KBWP,ONEQ,1
1993,KBWP,PDP,1
1994,KBWP,PFM,1
1995,KBWP,PIZ,1
2030,KNGZ,KRMA,1
1996,KBWP,PKW,1
1998,KBWP,PSC,1
1999,KBWP,PSL,1
2000,KBWP,PTF,1
2001,KBWP,QCLR,1
2002,KBWP,QQEW,1
2003,KBWP,QQQE,1
2004,KBWP,QQXT,1
2005,KBWP,QTUM,1
2006,KBWP,RDVY,1
1997,KBWP,PNQI,1
2031,KNGZ,MDIV,1
2032,KNGZ,MILN,1
2033,KNGZ,PDP,1
2058,KRMA,RDVY,1
2059,KRMA,SDVY,1
2060,KRMA,SPBC,1
2061,KRMA,SUSL,1
2062,KRMA,TDIV,1
2063,KRMA,UEVM,1
2064,KRMA,USMC,1
2065,KRMA,USVM,1
2066,KRMA,USXF,1
2057,KRMA,QVAL,1
2067,KRMA,VONG,1
2069,KRMA,VSMV,1
2071,LEGR,PID,1
2072,LEGR,PIZ,1
2073,LEGR,PSL,1
2074,LEGR,QTUM,1
2075,LEGR,VYMI,1
2076,LEXI,MDIV,1
2077,LEXI,MILN,1
2078,LEXI,PFM,1
2068,KRMA,VSDA,1
1826,INDY,SDVY,1
2056,KRMA,QCLR,1
2054,KRMA,PSC,1
2034,KNGZ,PFI,1
2035,KNGZ,PNQI,1
2036,KNGZ,PRN,1
2037,KNGZ,PSC,1
2038,KNGZ,PTF,1
2039,KNGZ,PY,1
2040,KNGZ,QCLR,1
2041,KNGZ,QMOM,1
2042,KNGZ,RFEM,1
2055,KRMA,PTF,1
2043,KNGZ,SIXG,1
2045,KNGZ,UEVM,1
2046,KNGZ,ULVM,1
2047,KNGZ,USVM,1
2048,KNGZ,USXF,1
2049,KNGZ,XOVR,1
2050,KRMA,OPPJ,1
2051,KRMA,PDP,1
2052,KRMA,PPI,1
2053,KRMA,PRN,1
2044,KNGZ,SUSL,1
1825,INDY,QVAL,1
1815,IMCV,VONG,1
1823,INDY,QQQE,1
1562,FTXN,FV,1
1563,FTXN,GFGF,1
1564,FTXN,GRID,1
1565,FTXN,HERD,1
1566,FTXN,HLAL,1
1567,FTXN,IMCV,1
1568,FTXN,INDY,1
1569,FTXN,IPKW,1
1561,FTXL,SOXX,1
1570,FTXN,ISHP,1
1572,FTXN,IUSG,1
1573,FTXN,IUSV,1
1574,FTXN,IVAL,1
1575,FTXN,IXUS,1
1576,FTXN,JSMD,1
1577,FTXN,KBWP,1
1578,FTXN,KNGZ,1
1579,FTXN,KRMA,1
1571,FTXN,IUS,1
1560,FTXL,QVAL,1
1559,FTXL,PPI,1
1558,FTXL,PPH,1
1539,FTRI,ULVM,1
1540,FTRI,USMC,1
1541,FTRI,USVM,1
1542,FTRI,USXF,1
1543,FTRI,VIGI,1
1544,FTRI,VONE,1
1545,FTRI,VONG,1
1546,FTRI,VONV,1
1547,FTRI,VOTE,1
1548,FTRI,VSDA,1
1549,FTRI,VSMV,1
1550,FTRI,VTHR,1
1551,FTRI,VXUS,1
1552,FTRI,VYMI,1
1553,FTRI,WCBR,1
1554,FTRI,XOVR,1
1555,FTRI,YLDE,1
1556,FTXL,INDY,1
1557,FTXL,NFTY,1
1580,FTXN,LEGR,1
1538,FTRI,UIVM,1
1581,FTXN,LEXI,1
1583,FTXN,MDIV,1
1607,FTXN,PTNQ,1
1608,FTXN,PUI,1
1609,FTXN,PY,1
1610,FTXN,QCLR,1
1611,FTXN,QMOM,1
1612,FTXN,QQEW,1
1613,FTXN,QQMG,1
1614,FTXN,QQQE,1
1606,FTXN,PTF,1
1615,FTXN,QQQM,1
1617,FTXN,QTEC,1
1618,FTXN,QTR,1
1619,FTXN,QTUM,1
1620,FTXN,QVAL,1
1621,FTXN,QYLD,1
1622,FTXN,QYLG,1
1623,FTXN,RDVY,1
1624,FTXN,RFDI,1
1616,FTXN,QQXT,1
1605,FTXN,PSL,1
1604,FTXN,PSET,1
1603,FTXN,PSCI,1
1584,FTXN,MILN,1
1585,FTXN,NFTY,1
1586,FTXN,NXTG,1
1587,FTXN,NZAC,1
1588,FTXN,ONEQ,1
1589,FTXN,OPPJ,1
1590,FTXN,PDBC,1
1591,FTXN,PDP,1
1592,FTXN,PEY,1
1593,FTXN,PFI,1
1594,FTXN,PFM,1
1595,FTXN,PHO,1
1596,FTXN,PIZ,1
1597,FTXN,PKW,1
1598,FTXN,PNQI,1
1599,FTXN,PPH,1
1600,FTXN,PPI,1
1601,FTXN,PRN,1
1602,FTXN,PSC,1
1582,FTXN,LVHD,1
1625,FTXN,RFEM,1
1537,FTRI,UEVM,1
1535,FTRI,TDIV,1
1472,FTRI,IUSV,1
1473,FTRI,IVAL,1
1474,FTRI,IXUS,1
1475,FTRI,JSMD,1
1476,FTRI,KBWP,1
1477,FTRI,KNGZ,1
1478,FTRI,KRMA,1
1479,FTRI,LEGR,1
1471,FTRI,IUSG,1
1480,FTRI,LEXI,1
1482,FTRI,MDIV,1
1483,FTRI,MILN,1
1484,FTRI,NFTY,1
1485,FTRI,NXTG,1
1486,FTRI,NZAC,1
1487,FTRI,ONEQ,1
1488,FTRI,OPPJ,1
1489,FTRI,PDP,1
1481,FTRI,LVHD,1
1470,FTRI,IUS,1
1469,FTRI,ISHP,1
1468,FTRI,IPKW,1
1449,FTQI,SIXG,1
2899,WCBR,YLDE,1
1451,FTQI,SUSL,1
1452,FTQI,TDIV,1
1453,FTQI,UEVM,1
1454,FTQI,USVM,1
1455,FTQI,USXF,1
1456,FTQI,VONG,1
1457,FTQI,VTHR,1
1458,FTQI,XOVR,1
1459,FTRI,FTXL,1
1460,FTRI,FV,1
1461,FTRI,GFGF,1
1462,FTRI,GRID,1
1463,FTRI,HERD,1
1464,FTRI,HLAL,1
1465,FTRI,IGF,1
1466,FTRI,IMCV,1
1467,FTRI,INDY,1
1490,FTRI,PEY,1
1536,FTRI,UAE,1
1491,FTRI,PFI,1
1493,FTRI,PHO,1
1517,FTRI,QTEC,1
1518,FTRI,QTR,1
1519,FTRI,QTUM,1
1520,FTRI,QVAL,1
1521,FTRI,QYLD,1
1522,FTRI,QYLG,1
1523,FTRI,RDVY,1
1524,FTRI,RFDI,1
1516,FTRI,QQXT,1
1525,FTRI,RFEM,1
1527,FTRI,RTH,1
1528,FTRI,SDVY,1
1529,FTRI,SHRY,1
1530,FTRI,SIXG,1
1531,FTRI,SKYY,1
1532,FTRI,SOXX,1
1533,FTRI,SPBC,1
1534,FTRI,SUSL,1
1526,FTRI,RNEM,1
1515,FTRI,QQQM,1
1514,FTRI,QQQE,1
1513,FTRI,QQQ,1
1494,FTRI,PID,1
1495,FTRI,PIZ,1
1496,FTRI,PKW,1
1497,FTRI,PNQI,1
1498,FTRI,PPH,1
1499,FTRI,PPI,1
1500,FTRI,PRN,1
1501,FTRI,PSC,1
1502,FTRI,PSCI,1
1503,FTRI,PSET,1
1504,FTRI,PSL,1
1505,FTRI,PTF,1
1506,FTRI,PTNQ,1
1507,FTRI,PUI,1
1508,FTRI,PY,1
1509,FTRI,QCLR,1
1510,FTRI,QMOM,1
1511,FTRI,QQEW,1
1512,FTRI,QQMG,1
1492,FTRI,PFM,1
1824,INDY,QTEC,1
1626,FTXN,RNEM,1
1628,FTXN,SDVY,1
1757,HERD,SDVY,1
1758,HERD,SOXX,1
1759,HERD,SPBC,1
1760,HERD,SUSL,1
1761,HERD,TDIV,1
1762,HERD,USMC,1
1763,HERD,USXF,1
1764,HERD,VONE,1
1756,HERD,RNEM,1
1765,HERD,VONG,1
1767,HERD,VTHR,1
1768,HLAL,IUSV,1
1769,HLAL,JSMD,1
1770,HLAL,OPPJ,1
1771,HLAL,PNQI,1
1772,HLAL,PRN,1
1773,HLAL,PSC,1
1774,HLAL,PSCI,1
1766,HERD,VOTE,1
1755,HERD,QYLG,1
1754,HERD,QYLD,1
1753,HERD,QTR,1
1734,HERD,INDY,1
1735,HERD,IUS,1
1736,HERD,IUSV,1
1737,HERD,KRMA,1
1738,HERD,NFTY,1
1739,HERD,ONEQ,1
1740,HERD,OPPJ,1
1741,HERD,PNQI,1
1742,HERD,PPH,1
1743,HERD,PRN,1
1744,HERD,PSET,1
1745,HERD,PTNQ,1
1746,HERD,QCLR,1
1747,HERD,QQEW,1
1748,HERD,QQMG,1
1749,HERD,QQQ,1
1750,HERD,QQQE,1
1751,HERD,QQQM,1
1752,HERD,QTEC,1
1775,HLAL,PTNQ,1
1733,HERD,HLAL,1
1776,HLAL,QQEW,1
1778,HLAL,QQQE,1
1805,IMCV,RFEM,1
1806,IMCV,SHRY,1
1807,IMCV,SIXG,1
1808,IMCV,SKYY,1
1809,IMCV,SPBC,1
1810,IMCV,TDIV,1
1811,IMCV,UEVM,1
1812,IMCV,ULVM,1
1804,IMCV,QMOM,1
1813,IMCV,USVM,1
2173,NZAC,UEVM,1
1816,IMCV,XOVR,1
1817,INDY,NFTY,1
1818,INDY,PHO,1
1819,INDY,PPH,1
1820,INDY,PPI,1
1821,INDY,PSC,1
1822,INDY,QQEW,1
1814,IMCV,USXF,1
1803,IMCV,QCLR,1
1802,IMCV,PY,1
1801,IMCV,PTF,1
1779,HLAL,QTR,1
1780,HLAL,QVAL,1
1781,HLAL,QYLG,1
1782,HLAL,SDVY,1
1786,IGF,PIZ,1
1787,IMCV,IUSG,1
1788,IMCV,JSMD,1
1789,IMCV,KBWP,1
1790,IMCV,KNGZ,1
1791,IMCV,KRMA,1
1792,IMCV,LEXI,1
1793,IMCV,MDIV,1
1794,IMCV,MILN,1
1795,IMCV,NZAC,1
1796,IMCV,PDP,1
1797,IMCV,PFI,1
1798,IMCV,PNQI,1
1799,IMCV,PRN,1
1800,IMCV,PSC,1
1777,HLAL,QQMG,1
1627,FTXN,RTH,1
1722,GRID,QQXT,1
1720,GRID,OPPJ,1
1652,FTXN,VYMI,1
1653,FTXN,WCBR,1
1654,FTXN,XOVR,1
1655,FTXN,YLDE,1
1656,FV,IMCV,1
1657,FV,IUSV,1
1658,FV,KBWP,1
1659,FV,KNGZ,1
1651,FTXN,VXUS,1
1660,FV,KRMA,1
1662,FV,MILN,1
1663,FV,PDP,1
1664,FV,PHO,1
1665,FV,PNQI,1
1666,FV,PRN,1
1667,FV,PSC,1
1668,FV,PSCI,1
1669,FV,PSET,1
1661,FV,MDIV,1
1650,FTXN,VTHR,1
1649,FTXN,VSMV,1
1648,FTXN,VSDA,1
1629,FTXN,SHRY,1
1630,FTXN,SIXG,1
1631,FTXN,SKYY,1
1632,FTXN,SOXX,1
1633,FTXN,SPBC,1
1634,FTXN,SUSL,1
1635,FTXN,TDIV,1
1636,FTXN,UAE,1
1637,FTXN,UEVM,1
1638,FTXN,UIVM,1
1639,FTXN,ULVM,1
1640,FTXN,USMC,1
1641,FTXN,USVM,1
1642,FTXN,USXF,1
1643,FTXN,VIGI,1
1644,FTXN,VONE,1
1645,FTXN,VONG,1
1646,FTXN,VONV,1
1647,FTXN,VOTE,1
1670,FV,PTF,1
1721,GRID,PHO,1
1671,FV,PY,1
1673,FV,QVAL,1
1697,GFGF,PSC,1
1698,GFGF,PY,1
1699,GFGF,QCLR,1
1700,GFGF,RDVY,1
1701,GFGF,RTH,1
1702,GFGF,SHRY,1
1703,GFGF,SPBC,1
1704,GFGF,TDIV,1
1696,GFGF,PNQI,1
1705,GFGF,UEVM,1
1707,GFGF,USVM,1
1708,GFGF,VONE,1
1709,GFGF,VONV,1
1710,GFGF,VOTE,1
1711,GFGF,VSMV,1
1712,GFGF,VTHR,1
1713,GFGF,YLDE,1
1719,GRID,KBWP,1
1706,GFGF,ULVM,1
1695,GFGF,PKW,1
1694,GFGF,PFM,1
1693,GFGF,PDP,1
1674,FV,RDVY,1
1675,FV,RTH,1
1676,FV,SDVY,1
1677,FV,SHRY,1
1678,FV,SPBC,1
1679,FV,USVM,1
1680,FV,USXF,1
1681,FV,VONV,1
1682,FV,VSDA,1
1683,FV,XOVR,1
1684,GFGF,IMCV,1
1685,GFGF,IUS,1
1686,GFGF,IUSG,1
1687,GFGF,JSMD,1
1688,GFGF,KBWP,1
1689,GFGF,LEXI,1
1690,GFGF,MDIV,1
1691,GFGF,MILN,1
1692,GFGF,NZAC,1
1672,FV,QCLR,1
2174,NZAC,USMC,1
2189,ONEQ,VONE,1
2176,NZAC,VONV,1
2657,QCLR,SUSL,1
2658,QCLR,USMC,1
2659,QCLR,USVM,1
2660,QCLR,USXF,1
2661,QCLR,VONE,1
2662,QCLR,VONG,1
2663,QCLR,VONV,1
2664,QCLR,VOTE,1
2656,QCLR,SPBC,1
2665,QCLR,VSDA,1
2667,QCLR,VTHR,1
2668,QCLR,XOVR,1
2669,QCLR,YLDE,1
2670,QMOM,SIXG,1
2671,QMOM,VSDA,1
2672,QQEW,QQMG,1
2673,QQEW,QQQ,1
2674,QQEW,QQQE,1
2666,QCLR,VSMV,1
2675,QQEW,QQQM,1
2655,QCLR,SHRY,1
2653,QCLR,RDVY,1
2634,PXI,VSMV,1
2635,PXI,VTHR,1
2636,PXI,VXUS,1
2637,PXI,VYMI,1
2638,PXI,WCBR,1
2639,PXI,XOVR,1
2640,PXI,YLDE,1
2641,PY,QCLR,1
2654,QCLR,RTH,1
2642,PY,QMOM,1
2644,PY,SKYY,1
2645,PY,ULVM,1
2646,PY,USVM,1
2647,PY,VSDA,1
2648,PY,XOVR,1
2650,QCLR,QQEW,1
2651,QCLR,QQXT,1
2652,QCLR,QVAL,1
2643,PY,SIXG,1
2633,PXI,VSDA,1
2676,QQEW,QTR,1
2678,QQEW,QYLG,1
2701,QQQE,SDVY,1
2702,QQQE,SPBC,1
2703,QQQE,SUSL,1
2704,QQQE,TDIV,1
2705,QQQE,UEVM,1
2706,QQQE,USMC,1
2707,QQQE,VONG,1
2708,QQQE,VSMV,1
2700,QQQE,RNEM,1
2709,QQQM,QVAL,1
2711,QQQM,VSMV,1
2712,QQXT,QTR,1
2713,QQXT,SPBC,1
2714,QQXT,TDIV,1
2715,QQXT,USMC,1
2716,QQXT,USXF,1
2717,QQXT,VONG,1
2718,QQXT,YLDE,1
2710,QQQM,USMC,1
2677,QQEW,QVAL,1
2699,QQQE,QYLG,1
2697,QQQE,QTR,1
2679,QQEW,RNEM,1
2680,QQEW,SDVY,1
2681,QQEW,SPBC,1
2682,QQEW,SUSL,1
2683,QQEW,TDIV,1
2684,QQEW,UEVM,1
2685,QQEW,USMC,1
2686,QQEW,VONG,1
2698,QQQE,QVAL,1
2687,QQEW,VSMV,1
2689,QQMG,QVAL,1
2690,QQMG,VSMV,1
2691,QQQ,QQQE,1
2692,QQQ,QQQM,1
2693,QQQ,QVAL,1
2694,QQQ,UEVM,1
2695,QQQ,VSMV,1
2696,QQQE,QQQM,1
2688,QQMG,QQQE,1
2632,PXI,VOTE,1
2631,PXI,VONV,1
2630,PXI,VONG,1
2567,PSET,VSDA,1
2568,PSL,QQXT,1
2569,PSL,QTUM,1
2570,PSL,XOVR,1
2571,PSL,YLDE,1
2572,PTF,PY,1
2573,PTF,QCLR,1
2574,PTF,QVAL,1
2566,PSET,USVM,1
2575,PTF,QYLD,1
2577,PTF,SDVY,1
2578,PTF,SHRY,1
2579,PTF,SPBC,1
2580,PTF,SUSL,1
2581,PTF,TDIV,1
2582,PTF,ULVM,1
2583,PTF,USMC,1
2584,PTF,USVM,1
2576,PTF,RDVY,1
2585,PTF,USXF,1
2565,PSET,SDVY,1
2563,PSCI,XOVR,1
2542,PSC,USVM,1
2543,PSC,USXF,1
2544,PSC,VONE,1
2545,PSC,VONG,1
2546,PSC,VONV,1
2547,PSC,VOTE,1
2548,PSC,VSDA,1
2549,PSC,VSMV,1
2564,PSET,QVAL,1
2550,PSC,VTHR,1
2552,PSC,YLDE,1
2553,PSCE,PUI,1
2554,PSCE,UAE,1
2558,PSCI,PSET,1
2559,PSCI,QQEW,1
2560,PSCI,QQQE,1
2561,PSCI,QTR,1
2562,PSCI,QYLG,1
2551,PSC,XOVR,1
2586,PTF,VONE,1
2587,PTF,VONV,1
2588,PTF,VOTE,1
2612,PXI,RNEM,1
2613,PXI,RTH,1
2614,PXI,SDVY,1
2615,PXI,SHRY,1
2616,PXI,SIXG,1
2617,PXI,SKYY,1
2618,PXI,SOXX,1
2619,PXI,SPBC,1
2611,PXI,RFEM,1
2620,PXI,TDIV,1
2622,PXI,UEVM,1
2623,PXI,UIVM,1
2624,PXI,ULVM,1
2625,PXI,USMC,1
2626,PXI,USVM,1
2627,PXI,USXF,1
2628,PXI,VIGI,1
2629,PXI,VONE,1
2621,PXI,UAE,1
2610,PXI,RFDI,1
2609,PXI,RDVY,1
2608,PXI,QYLG,1
2589,PTF,VSDA,1
2590,PTF,VSMV,1
2591,PTF,VTHR,1
2592,PTF,YLDE,1
2593,PTNQ,QQEW,1
2594,PXI,PY,1
2595,PXI,QCLR,1
2596,PXI,QMOM,1
2597,PXI,QQEW,1
2598,PXI,QQMG,1
2599,PXI,QQQ,1
2600,PXI,QQQE,1
2601,PXI,QQQM,1
2602,PXI,QQXT,1
2603,PXI,QTEC,1
2604,PXI,QTR,1
2605,PXI,QTUM,1
2606,PXI,QVAL,1
2607,PXI,QYLD,1
2719,QTEC,QVAL,1
2720,QTEC,RNEM,1
2721,QTR,QVAL,1
2722,QTR,SDVY,1
2836,TDIV,VSMV,1
2837,TDIV,VTHR,1
2838,TDIV,XOVR,1
2839,TDIV,YLDE,1
2840,UEVM,USMC,1
2841,UEVM,USXF,1
2842,UEVM,VIGI,1
2843,UEVM,VONE,1
2835,TDIV,VOTE,1
2844,UEVM,VONG,1
2846,UEVM,VOTE,1
2847,UEVM,VSMV,1
2848,UEVM,VTHR,1
2849,UEVM,XOVR,1
2850,UEVM,YLDE,1
2851,UIVM,VYMI,1
2852,ULVM,VONV,1
2853,ULVM,XOVR,1
2845,UEVM,VONV,1
2854,USMC,VONE,1
2834,TDIV,VONV,1
2832,TDIV,VONE,1
2814,SPBC,USXF,1
2815,SPBC,VONE,1
2816,SPBC,VONG,1
2817,SPBC,VONV,1
2818,SPBC,VOTE,1
2819,SPBC,VSMV,1
2820,SPBC,VTHR,1
2821,SPBC,XOVR,1
2833,TDIV,VONG,1
2822,SPBC,YLDE,1
2824,SUSL,UEVM,1
2825,SUSL,USVM,1
2826,SUSL,USXF,1
2827,SUSL,VSMV,1
2828,TDIV,UEVM,1
2829,TDIV,USMC,1
2830,TDIV,USVM,1
2831,TDIV,USXF,1
2823,SUSL,TDIV,1
2855,USMC,VONG,1
2856,USMC,VOTE,1
2857,USMC,VSMV,1
2881,VONE,XOVR,1
2882,VONG,VOTE,1
2883,VONG,VSMV,1
2884,VONG,VTHR,1
2885,VONG,XOVR,1
2886,VONG,YLDE,1
2887,VONV,VOTE,1
2888,VONV,VSMV,1
2880,VONE,VTHR,1
2889,VONV,VTHR,1
2891,VOTE,VSMV,1
2892,VOTE,VTHR,1
2893,VOTE,YLDE,1
2894,VSDA,VTHR,1
2895,VSDA,XOVR,1
2896,VSMV,VTHR,1
2897,VSMV,XOVR,1
2898,VXUS,VYMI,1
2890,VONV,XOVR,1
2879,VONE,VOTE,1
2878,VONE,VONV,1
2877,VONE,VONG,1
2858,USMC,VTHR,1
2859,USMC,XOVR,1
2860,USMC,YLDE,1
2861,USVM,USXF,1
2862,USVM,VONE,1
2863,USVM,VONG,1
2864,USVM,VONV,1
2865,USVM,VOTE,1
2866,USVM,VSMV,1
2867,USVM,VTHR,1
2868,USVM,XOVR,1
2869,USXF,VONE,1
2870,USXF,VONV,1
2871,USXF,VOTE,1
2872,USXF,VSDA,1
2873,USXF,VSMV,1
2874,USXF,YLDE,1
2875,VIGI,VSMV,1
2876,VIGI,VYMI,1
2813,SPBC,UEVM,1
2541,PSC,USMC,1
2812,SPBC,TDIV,1
2809,SKYY,YLDE,1
2745,RDVY,RTH,1
2746,RDVY,SHRY,1
2747,RDVY,SKYY,1
2748,RDVY,SPBC,1
2749,RDVY,SUSL,1
2750,RDVY,TDIV,1
2751,RDVY,UEVM,1
2752,RDVY,USMC,1
2744,RDVY,RFEM,1
2753,RDVY,USXF,1
2755,RDVY,VONG,1
2756,RDVY,VONV,1
2757,RDVY,VOTE,1
2758,RDVY,VSDA,1
2759,RDVY,VSMV,1
2760,RDVY,VTHR,1
2761,RDVY,XOVR,1
2762,RDVY,YLDE,1
2754,RDVY,VONE,1
2763,RFDI,RFEM,1
2743,QYLG,USMC,1
2741,QVAL,XOVR,1
2723,QTR,TDIV,1
2724,QTR,UEVM,1
2725,QTR,VSMV,1
2726,QTR,VTHR,1
2727,QTUM,RTH,1
2728,QVAL,QYLD,1
2729,QVAL,QYLG,1
2730,QVAL,SDVY,1
2742,QYLD,XOVR,1
2731,QVAL,SOXX,1
2733,QVAL,SUSL,1
2734,QVAL,TDIV,1
2735,QVAL,UEVM,1
2736,QVAL,USXF,1
2737,QVAL,VONE,1
2738,QVAL,VONG,1
2739,QVAL,VOTE,1
2740,QVAL,VTHR,1
2732,QVAL,SPBC,1
2764,RFDI,RNEM,1
2765,RFDI,UEVM,1
2766,RFDI,UIVM,1
2791,SHRY,TDIV,1
2792,SHRY,UEVM,1
2793,SHRY,USVM,1
2794,SHRY,USXF,1
2795,SHRY,VONG,1
2796,SHRY,VONV,1
2797,SHRY,VOTE,1
2798,SHRY,VSMV,1
2790,SHRY,SPBC,1
2799,SHRY,XOVR,1
2801,SIXG,ULVM,1
2802,SIXG,VONV,1
2803,SIXG,YLDE,1
2804,SKYY,SPBC,1
2805,SKYY,ULVM,1
2806,SKYY,USMC,1
2807,SKYY,VONV,1
2808,SKYY,VSMV,1
2800,SIXG,SPBC,1
2789,SDVY,XOVR,1
2788,SDVY,VONG,1
2787,SDVY,USXF,1
2767,RFDI,VXUS,1
2768,RFDI,VYMI,1
2769,RFEM,SHRY,1
2770,RFEM,SPBC,1
2771,RFEM,TDIV,1
2772,RFEM,UEVM,1
2773,RFEM,VIGI,1
2774,RFEM,VONV,1
2775,RFEM,VSMV,1
2776,RNEM,VIGI,1
2778,RTH,SIXG,1
2779,RTH,SPBC,1
2780,RTH,UEVM,1
2781,RTH,ULVM,1
2782,RTH,USMC,1
2783,RTH,VONV,1
2784,RTH,XOVR,1
2785,RTH,YLDE,1
2786,SDVY,SUSL,1
2811,SPBC,SUSL,1
2175,NZAC,USXF,1
2540,PSC,ULVM,1
2538,PSC,TDIV,1
2288,PDP,QCLR,1
2289,PDP,QVAL,1
2290,PDP,RDVY,1
2291,PDP,RTH,1
2292,PDP,SDVY,1
2293,PDP,SHRY,1
2294,PDP,SPBC,1
2295,PDP,SUSL,1
2287,PDP,PY,1
2296,PDP,TDIV,1
2298,PDP,ULVM,1
2299,PDP,USMC,1
2300,PDP,USVM,1
2301,PDP,USXF,1
2302,PDP,VONE,1
2303,PDP,VONG,1
2304,PDP,VONV,1
2305,PDP,VOTE,1
2297,PDP,UEVM,1
2306,PDP,VSDA,1
2286,PDP,PTF,1
2284,PDP,PSCI,1
2266,PDBC,VONE,1
2267,PDBC,VONG,1
2268,PDBC,VONV,1
2269,PDBC,VOTE,1
2270,PDBC,VSDA,1
2271,PDBC,VSMV,1
2272,PDBC,VTHR,1
2273,PDBC,VXUS,1
2285,PDP,PSET,1
2274,PDBC,VYMI,1
2276,PDBC,XOVR,1
2277,PDBC,YLDE,1
2278,PDP,PEY,1
2279,PDP,PFM,1
2280,PDP,PKW,1
2281,PDP,PPI,1
2282,PDP,PRN,1
2283,PDP,PSC,1
2275,PDBC,WCBR,1
2265,PDBC,VIGI,1
2307,PDP,VSMV,1
2309,PDP,XOVR,1
2332,PEY,SPBC,1
2333,PEY,SUSL,1
2334,PEY,TDIV,1
2335,PEY,UEVM,1
2336,PEY,ULVM,1
2337,PEY,USMC,1
2338,PEY,USVM,1
2339,PEY,USXF,1
2331,PEY,SKYY,1
2340,PEY,VONE,1
2342,PEY,VONV,1
2343,PEY,VOTE,1
2344,PEY,VSMV,1
2345,PEY,VTHR,1
2346,PEY,WCBR,1
2347,PEY,XOVR,1
2348,PFI,PFM,1
2349,PFI,PY,1
2341,PEY,VONG,1
2308,PDP,VTHR,1
2330,PEY,SIXG,1
2328,PEY,RTH,1
2310,PDP,YLDE,1
2311,PEY,PFI,1
2312,PEY,PFM,1
2313,PEY,PIZ,1
2314,PEY,PNQI,1
2315,PEY,PRN,1
2316,PEY,PSC,1
2317,PEY,PTF,1
2329,PEY,SHRY,1
2318,PEY,PY,1
2320,PEY,QMOM,1
2321,PEY,QQQ,1
2322,PEY,QQQM,1
2323,PEY,QTR,1
2324,PEY,QYLD,1
2325,PEY,QYLG,1
2326,PEY,RDVY,1
2327,PEY,RFEM,1
2319,PEY,QCLR,1
2264,PDBC,USXF,1
2263,PDBC,USVM,1
2262,PDBC,USMC,1
2199,OPPJ,PSET,1
2200,OPPJ,QCLR,1
2201,OPPJ,QQEW,1
2202,OPPJ,QQMG,1
2203,OPPJ,QQQ,1
2204,OPPJ,QQQE,1
2205,OPPJ,QQQM,1
2206,OPPJ,QQXT,1
2198,OPPJ,PNQI,1
2207,OPPJ,QTEC,1
2209,OPPJ,RFDI,1
2210,OPPJ,VIGI,1
2211,OPPJ,VONG,1
2212,OPPJ,XOVR,1
2213,PDBC,PDP,1
2214,PDBC,PEY,1
2215,PDBC,PFI,1
2216,PDBC,PFM,1
2208,OPPJ,QTR,1
2217,PDBC,PHO,1
2197,OPPJ,PIZ,1
2195,OPPJ,PDP,1
2177,NZAC,VOTE,1
2178,NZAC,VSMV,1
2179,NZAC,YLDE,1
2180,ONEQ,PNQI,1
2181,ONEQ,PSC,1
2182,ONEQ,QCLR,1
2183,ONEQ,QVAL,1
2184,ONEQ,RDVY,1
2196,OPPJ,PHO,1
2185,ONEQ,SPBC,1
2187,ONEQ,UEVM,1
2188,ONEQ,USMC,1
1448,FTQI,RDVY,1
2190,ONEQ,VONG,1
2191,ONEQ,VOTE,1
2192,ONEQ,VSMV,1
2193,ONEQ,VTHR,1
2194,ONEQ,YLDE,1
2186,ONEQ,TDIV,1
2218,PDBC,PID,1
2219,PDBC,PIZ,1
2220,PDBC,PKW,1
2244,PDBC,QVAL,1
2245,PDBC,QYLD,1
2246,PDBC,QYLG,1
2247,PDBC,RDVY,1
2248,PDBC,RFDI,1
2249,PDBC,RFEM,1
2250,PDBC,RNEM,1
2251,PDBC,RTH,1
2243,PDBC,QTUM,1
2252,PDBC,SDVY,1
2254,PDBC,SKYY,1
2255,PDBC,SOXX,1
2256,PDBC,SPBC,1
2257,PDBC,SUSL,1
2258,PDBC,TDIV,1
2259,PDBC,UEVM,1
2260,PDBC,UIVM,1
2261,PDBC,ULVM,1
2253,PDBC,SIXG,1
2242,PDBC,QTR,1
2241,PDBC,QTEC,1
2240,PDBC,QQXT,1
2221,PDBC,PNQI,1
2222,PDBC,PPH,1
2223,PDBC,PPI,1
2224,PDBC,PRN,1
2225,PDBC,PSC,1
2226,PDBC,PSCI,1
2227,PDBC,PSET,1
2228,PDBC,PSL,1
2229,PDBC,PTF,1
2230,PDBC,PTNQ,1
2231,PDBC,PUI,1
2232,PDBC,PY,1
2233,PDBC,QCLR,1
2234,PDBC,QMOM,1
2235,PDBC,QQEW,1
2236,PDBC,QQMG,1
2237,PDBC,QQQ,1
2238,PDBC,QQQE,1
2239,PDBC,QQQM,1
2350,PFI,QMOM,1
2351,PFI,RTH,1
2352,PFI,SIXG,1
2353,PFI,SKYY,1
2475,PPI,PSET,1
2476,PPI,PTF,1
2477,PPI,QCLR,1
2478,PPI,QQEW,1
2479,PPI,QQMG,1
2480,PPI,QQQ,1
2481,PPI,QQQE,1
2482,PPI,QQQM,1
2474,PPI,PSC,1
2483,PPI,QTEC,1
2485,PPI,QVAL,1
2486,PPI,QYLG,1
2487,PPI,RFDI,1
2488,PPI,RFEM,1
2489,PPI,RTH,1
2490,PPI,SHRY,1
2491,PPI,SOXX,1
2492,PPI,SPBC,1
2484,PPI,QTR,1
2493,PPI,SUSL,1
2473,PPI,PRN,1
2471,PPH,VIGI,1
2453,PPH,PSC,1
2454,PPH,PSCI,1
2455,PPH,PSET,1
2456,PPH,PTF,1
2457,PPH,PTNQ,1
2458,PPH,QQEW,1
2459,PPH,QQQE,1
2460,PPH,QTEC,1
2472,PPH,VSDA,1
2461,PPH,QTR,1
2463,PPH,RFEM,1
2464,PPH,RNEM,1
2465,PPH,SDVY,1
2466,PPH,SHRY,1
2467,PPH,SOXX,1
2468,PPH,TDIV,1
2469,PPH,UEVM,1
2470,PPH,USVM,1
2462,PPH,QVAL,1
2494,PPI,TDIV,1
2495,PPI,UEVM,1
2496,PPI,USVM,1
2520,PSC,PY,1
2521,PSC,QCLR,1
2522,PSC,QMOM,1
2523,PSC,QQMG,1
2524,PSC,QQQ,1
2525,PSC,QQQM,1
2526,PSC,QTR,1
2527,PSC,QVAL,1
2519,PSC,PTF,1
2528,PSC,QYLD,1
2530,PSC,RDVY,1
2531,PSC,RFEM,1
2532,PSC,RTH,1
2533,PSC,SDVY,1
2534,PSC,SHRY,1
2535,PSC,SIXG,1
2536,PSC,SPBC,1
2537,PSC,SUSL,1
2529,PSC,QYLG,1
2518,PSC,PSET,1
2517,PSC,PSCI,1
2516,PRN,VSMV,1
2497,PPI,USXF,1
2498,PPI,VIGI,1
2499,PPI,VONE,1
2500,PPI,VONG,1
2501,PPI,VOTE,1
2502,PPI,VSDA,1
2503,PPI,VTHR,1
2504,PPI,XOVR,1
2505,PRN,PSC,1
2506,PRN,PSCI,1
2507,PRN,PSET,1
2508,PRN,PTF,1
2509,PRN,QCLR,1
2510,PRN,QVAL,1
2511,PRN,RDVY,1
2512,PRN,SDVY,1
2513,PRN,SUSL,1
2514,PRN,USVM,1
2515,PRN,VSDA,1
2452,PPH,PRN,1
2539,PSC,UEVM,1
2451,PPH,PPI,1
2449,PNQI,XOVR,1
2386,PHO,USXF,1
2387,PID,PIZ,1
2388,PID,PNQI,1
2389,PID,RFDI,1
2390,PID,RFEM,1
2391,PID,TDIV,1
2392,PID,UEVM,1
2393,PID,VIGI,1
2385,PHO,QVAL,1
2394,PID,VXUS,1
2396,PIZ,PSL,1
2397,PIZ,QTUM,1
2398,PIZ,UIVM,1
2399,PIZ,USMC,1
2400,PIZ,VYMI,1
2401,PKW,PNQI,1
2402,PKW,PRN,1
2403,PKW,PSC,1
2395,PID,VYMI,1
2404,PKW,PTF,1
2384,PHO,QCLR,1
2382,PHO,PSCI,1
2354,PFI,ULVM,1
2355,PFI,VONV,1
2356,PFI,VSMV,1
2357,PFM,PKW,1
2358,PFM,PNQI,1
2359,PFM,PSC,1
2360,PFM,PTF,1
2361,PFM,QCLR,1
2383,PHO,PSET,1
2362,PFM,RDVY,1
2364,PFM,VONV,1
2365,PFM,VSDA,1
2366,PFM,VSMV,1
2367,PFM,VTHR,1
2368,PFM,XOVR,1
2379,PHO,PPH,1
2380,PHO,PPI,1
2381,PHO,PRN,1
2363,PFM,VONG,1
2405,PKW,QCLR,1
2406,PKW,RDVY,1
2407,PKW,RTH,1
2431,PNQI,RNEM,1
2432,PNQI,RTH,1
2433,PNQI,SDVY,1
2434,PNQI,SHRY,1
2435,PNQI,SPBC,1
2436,PNQI,SUSL,1
2437,PNQI,TDIV,1
2438,PNQI,UEVM,1
2430,PNQI,RDVY,1
2439,PNQI,ULVM,1
2441,PNQI,USXF,1
2442,PNQI,VONE,1
2443,PNQI,VONG,1
2444,PNQI,VONV,1
2445,PNQI,VOTE,1
2446,PNQI,VSMV,1
2447,PNQI,VTHR,1
2448,PNQI,VYMI,1
2440,PNQI,USMC,1
2429,PNQI,QYLG,1
2428,PNQI,QVAL,1
2427,PNQI,QTUM,1
2408,PKW,UEVM,1
2409,PKW,USMC,1
2410,PKW,USXF,1
2411,PKW,VONE,1
2412,PKW,VONG,1
2413,PKW,VOTE,1
2414,PKW,VSMV,1
2415,PKW,XOVR,1
2416,PKW,YLDE,1
2417,PNQI,PPI,1
2418,PNQI,PRN,1
2419,PNQI,PSC,1
2420,PNQI,PSCI,1
2421,PNQI,PY,1
2422,PNQI,QCLR,1
2423,PNQI,QQMG,1
2424,PNQI,QQQ,1
2425,PNQI,QQQM,1
2426,PNQI,QTR,1
2450,PNQI,YLDE,1
1447,FTQI,QYLG,1
1450,FTQI,SKYY,1
1445,FTQI,QTR,1
504,DWAW,ULVM,1
505,DWAW,USVM,1
506,DWAW,USXF,1
507,DWAW,VONV,1
508,DWAW,VSDA,1
509,DWAW,VSMV,1
510,DWSH,EWJV,1
511,DWSH,FEMS,1
503,DWAW,UEVM,1
512,DWSH,FTHI,1
514,DWSH,FTXL,1
515,DWSH,FTXN,1
516,DWSH,HLAL,1
517,DWSH,INDY,1
518,DWSH,NFTY,1
519,DWSH,OPPJ,1
520,DWSH,PDBC,1
521,DWSH,PPH,1
513,DWSH,FTQI,1
522,DWSH,PRN,1
502,DWAW,TDIV,1
500,DWAW,SHRY,1
482,DWAW,IUS,1
483,DWAW,IUSV,1
484,DWAW,KBWP,1
485,DWAW,KNGZ,1
486,DWAW,MDIV,1
487,DWAW,OPPJ,1
488,DWAW,PEY,1
489,DWAW,PFM,1
501,DWAW,SPBC,1
490,DWAW,PKW,1
492,DWAW,PSC,1
493,DWAW,PSL,1
494,DWAW,PY,1
495,DWAW,QCLR,1
496,DWAW,QMOM,1
497,DWAW,QVAL,1
498,DWAW,RDVY,1
499,DWAW,RTH,1
491,DWAW,PPI,1
523,DWSH,PSCI,1
524,DWSH,PSET,1
525,DWSH,PTF,1
549,DWUS,IMCV,1
550,DWUS,IUS,1
551,DWUS,JSMD,1
552,DWUS,KBWP,1
553,DWUS,KNGZ,1
554,DWUS,LEXI,1
555,DWUS,MDIV,1
556,DWUS,MILN,1
548,DWUS,HERD,1
557,DWUS,OPPJ,1
559,DWUS,PKW,1
560,DWUS,PNQI,1
561,DWUS,PPI,1
562,DWUS,PSC,1
563,DWUS,QCLR,1
564,DWUS,QVAL,1
565,DWUS,RDVY,1
566,DWUS,SHRY,1
558,DWUS,PFM,1
547,DWUS,GFGF,1
546,DWUS,FTHI,1
545,DWUS,FTCS,1
526,DWSH,PTNQ,1
527,DWSH,QCLR,1
528,DWSH,QQMG,1
529,DWSH,QTEC,1
530,DWSH,QTR,1
531,DWSH,QYLD,1
532,DWSH,QYLG,1
533,DWSH,SOXX,1
534,DWSH,SUSL,1
535,DWSH,USXF,1
536,DWUS,EQRR,1
537,DWUS,ESMV,1
538,DWUS,EWJV,1
539,DWUS,FAB,1
540,DWUS,FEX,1
541,DWUS,FNX,1
542,DWUS,FNY,1
543,DWUS,FSCS,1
544,DWUS,FTA,1
481,DWAW,IMCV,1
480,DWAW,FV,1
479,DWAW,FTQI,1
478,DWAW,FTHI,1
415,DMXF,KBWP,1
416,DMXF,OPPJ,1
417,DMXF,PPH,1
418,DMXF,PPI,1
419,DMXF,RNEM,1
420,DMXF,VYMI,1
421,DVLU,DWAW,1
422,DVLU,DWUS,1
414,DMXF,FJP,1
423,DVLU,EBIZ,1
425,DVLU,FAD,1
426,DVLU,FNY,1
427,DVLU,FTA,1
428,DVLU,FTCS,1
429,DVLU,FV,1
430,DVLU,IUSG,1
431,DVLU,KNGZ,1
432,DVLU,KRMA,1
424,DVLU,FAB,1
413,DMXF,EWJV,1
412,DGRW,VSDA,1
411,DGRW,VONG,1
392,DGRW,IUSV,1
393,DGRW,JSMD,1
394,DGRW,KRMA,1
395,DGRW,ONEQ,1
396,DGRW,PHO,1
397,DGRW,PNQI,1
398,DGRW,PRN,1
399,DGRW,PSC,1
400,DGRW,PSCI,1
401,DGRW,PSET,1
402,DGRW,PTF,1
403,DGRW,QQEW,1
404,DGRW,QQQE,1
405,DGRW,QQXT,1
406,DGRW,QTR,1
407,DGRW,QVAL,1
408,DGRW,RDVY,1
409,DGRW,SDVY,1
410,DGRW,USVM,1
433,DVLU,MILN,1
567,DWUS,SPBC,1
434,DVLU,ONEQ,1
436,DVLU,PNQI,1
460,DVOL,RTH,1
461,DVOL,SIXG,1
462,DVOL,ULVM,1
463,DVY,DWAW,1
464,DVY,EBIZ,1
465,DVY,FAD,1
466,DVY,ISHP,1
467,DVY,PFI,1
459,DVOL,PY,1
468,DVY,PIZ,1
470,DWAW,EQRR,1
471,DWAW,FAB,1
472,DWAW,FEX,1
473,DWAW,FNK,1
474,DWAW,FNX,1
475,DWAW,FSCS,1
476,DWAW,FTA,1
477,DWAW,FTCS,1
469,DVY,SIXG,1
458,DVOL,PEY,1
457,DVOL,MDIV,1
456,DVOL,KBWP,1
437,DVLU,PPH,1
438,DVLU,PPI,1
439,DVLU,PRN,1
440,DVLU,PSC,1
441,DVLU,PSET,1
442,DVLU,PTF,1
443,DVLU,QCLR,1
444,DVLU,QTR,1
445,DVLU,RFEM,1
446,DVLU,SIXG,1
447,DVLU,SUSL,1
448,DVLU,TDIV,1
449,DVLU,UEVM,1
450,DVLU,USXF,1
451,DVLU,VONG,1
452,DVLU,XOVR,1
453,DVOL,DVY,1
454,DVOL,EBIZ,1
455,DVOL,FSCS,1
435,DVLU,PDP,1
391,DGRW,HERD,1
568,DWUS,SUSL,1
570,DWUS,UEVM,1
683,EQRR,SOXX,1
684,EQRR,SPBC,1
685,EQRR,SUSL,1
686,EQRR,TDIV,1
687,EQRR,UEVM,1
688,EQRR,USMC,1
689,EQRR,USVM,1
690,EQRR,USXF,1
682,EQRR,SIXG,1
691,EQRR,VONE,1
693,EQRR,VOTE,1
694,EQRR,VSDA,1
695,EQRR,VTHR,1
696,EQRR,XOVR,1
697,ESGD,EWJV,1
698,ESGD,VYMI,1
699,ESGU,ESMV,1
700,ESGU,FAD,1
692,EQRR,VONG,1
701,ESGU,FNY,1
681,EQRR,SHRY,1
679,EQRR,RTH,1
661,EQRR,PSC,1
662,EQRR,PSCI,1
663,EQRR,PSET,1
664,EQRR,PSL,1
665,EQRR,PTF,1
666,EQRR,PTNQ,1
667,EQRR,QCLR,1
668,EQRR,QQEW,1
680,EQRR,SDVY,1
669,EQRR,QQMG,1
671,EQRR,QQQE,1
672,EQRR,QQQM,1
673,EQRR,QTEC,1
674,EQRR,QTR,1
675,EQRR,QVAL,1
676,EQRR,QYLD,1
677,EQRR,QYLG,1
678,EQRR,RFEM,1
670,EQRR,QQQ,1
702,ESGU,FSCS,1
703,ESGU,FTCS,1
704,ESGU,FTHI,1
728,ESMV,FEX,1
729,ESMV,FSCS,1
730,ESMV,FTA,1
731,ESMV,FTHI,1
732,ESMV,GFGF,1
733,ESMV,IMCV,1
734,ESMV,IUSG,1
735,ESMV,JSMD,1
727,ESGU,VTHR,1
736,ESMV,KBWP,1
1446,FTQI,QYLD,1
739,ESMV,MILN,1
740,ESMV,NXTG,1
741,ESMV,ONEQ,1
742,ESMV,PFM,1
743,ESMV,PKW,1
744,ESMV,PNQI,1
745,ESMV,PRN,1
737,ESMV,LEXI,1
726,ESGU,VSMV,1
725,ESGU,VOTE,1
724,ESGU,VONV,1
705,ESGU,FTQI,1
706,ESGU,GFGF,1
707,ESGU,IUS,1
708,ESGU,JSMD,1
709,ESGU,KBWP,1
710,ESGU,PDP,1
711,ESGU,PFM,1
712,ESGU,PNQI,1
713,ESGU,PSC,1
714,ESGU,PTF,1
715,ESGU,QCLR,1
716,ESGU,RDVY,1
717,ESGU,SHRY,1
718,ESGU,SPBC,1
719,ESGU,TDIV,1
720,ESGU,UEVM,1
721,ESGU,USMC,1
722,ESGU,USXF,1
723,ESGU,VONE,1
660,EQRR,PRN,1
659,EQRR,PPI,1
658,EQRR,PPH,1
657,EQRR,PNQI,1
594,EBIZ,LEGR,1
595,EBIZ,MDIV,1
596,EBIZ,MILN,1
597,EBIZ,OPPJ,1
598,EBIZ,PEY,1
599,EBIZ,PFI,1
600,EBIZ,PFM,1
601,EBIZ,PID,1
593,EBIZ,KBWP,1
602,EBIZ,PSL,1
604,EBIZ,QCLR,1
605,EBIZ,QTUM,1
606,EBIZ,RDVY,1
607,EBIZ,RTH,1
608,EBIZ,SIXG,1
609,EBIZ,SPBC,1
610,EBIZ,SUSL,1
611,EBIZ,TDIV,1
603,EBIZ,PY,1
592,EBIZ,IUSG,1
591,EBIZ,IMCV,1
590,EBIZ,GFGF,1
571,DWUS,USMC,1
572,DWUS,USVM,1
573,DWUS,USXF,1
574,DWUS,VONE,1
575,DWUS,VONG,1
576,DWUS,VONV,1
577,DWUS,VOTE,1
578,DWUS,VSDA,1
579,DWUS,VSMV,1
580,DWUS,YLDE,1
581,EBIZ,ESGU,1
582,EBIZ,EUFN,1
583,EBIZ,FAD,1
584,EBIZ,FEX,1
585,EBIZ,FSCS,1
586,EBIZ,FTA,1
587,EBIZ,FTC,1
588,EBIZ,FTHI,1
589,EBIZ,FTQI,1
612,EBIZ,UEVM,1
569,DWUS,TDIV,1
613,EBIZ,ULVM,1
615,EBIZ,USXF,1
639,EQRR,GFGF,1
640,EQRR,GRID,1
641,EQRR,INDY,1
642,EQRR,IUS,1
643,EQRR,IUSG,1
644,EQRR,IUSV,1
645,EQRR,JSMD,1
646,EQRR,KBWP,1
638,EQRR,FV,1
647,EQRR,KRMA,1
649,EQRR,MILN,1
650,EQRR,NFTY,1
651,EQRR,NZAC,1
652,EQRR,ONEQ,1
653,EQRR,OPPJ,1
654,EQRR,PDP,1
655,EQRR,PFM,1
656,EQRR,PHO,1
648,EQRR,LEXI,1
637,EQRR,FTXL,1
636,EQRR,FTCS,1
635,EQRR,FTC,1
616,EBIZ,VONE,1
617,EBIZ,VONV,1
618,EBIZ,VOTE,1
619,EBIZ,VSMV,1
620,EBIZ,VTHR,1
621,EBIZ,VYMI,1
622,EBIZ,YLDE,1
623,EFAS,FDT,1
624,EFAS,FEP,1
625,EFAS,FEUZ,1
626,EFAS,FGM,1
627,EFAS,PIZ,1
628,EQRR,ESGU,1
629,EQRR,ESMV,1
630,EQRR,EWJV,1
631,EQRR,FAB,1
632,EQRR,FAD,1
633,EQRR,FEMS,1
634,EQRR,FEX,1
614,EBIZ,USMC,1
390,DGRW,FTHI,1
389,DGRW,FTCS,1
388,DGRW,FSCS,1
113,AIRR,PDP,1
114,AIRR,PHO,1
115,AIRR,PIZ,1
116,AIRR,PKW,1
117,AIRR,PNQI,1
118,AIRR,PSC,1
119,AIRR,PSET,1
120,AIRR,PTF,1
112,AIRR,ONEQ,1
121,AIRR,QCLR,1
123,AIRR,QQQE,1
124,AIRR,QQXT,1
125,AIRR,SUSL,1
126,AIRR,USXF,1
127,AIRR,VONG,1
128,AIRR,VSDA,1
129,AIRR,VSMV,1
130,AIRR,XOVR,1
122,AIRR,QQEW,1
131,AQWA,CEFA,1
111,AIRR,NZAC,1
109,AIRR,KRMA,1
91,AIRR,CATH,1
92,AIRR,CFA,1
93,AIRR,DEMZ,1
94,AIRR,DGRW,1
95,AIRR,DWAW,1
96,AIRR,DWUS,1
97,AIRR,EBIZ,1
98,AIRR,ESGU,1
110,AIRR,MILN,1
99,AIRR,ESMV,1
101,AIRR,FNY,1
102,AIRR,FSCS,1
103,AIRR,FTC,1
104,AIRR,FTCS,1
105,AIRR,GRID,1
106,AIRR,IUSG,1
107,AIRR,IUSV,1
108,AIRR,JSMD,1
100,AIRR,FAD,1
132,AQWA,DEMZ,1
133,AQWA,DGRW,1
134,AQWA,DMXF,1
158,AQWA,QQQE,1
159,AQWA,QQQM,1
160,AQWA,QTR,1
161,AQWA,QVAL,1
162,AQWA,RFEM,1
163,AQWA,RNEM,1
164,AQWA,SHRY,1
165,AQWA,SPBC,1
157,AQWA,QQQ,1
166,AQWA,SUSL,1
168,AQWA,UEVM,1
169,AQWA,USMC,1
170,AQWA,USXF,1
171,AQWA,VONG,1
172,AQWA,VOTE,1
173,AQWA,VSMV,1
174,AQWA,VYMI,1
175,AQWA,YLDE,1
167,AQWA,TDIV,1
156,AQWA,QQMG,1
155,AQWA,QQEW,1
154,AQWA,QCLR,1
135,AQWA,DWUS,1
136,AQWA,EQRR,1
137,AQWA,EWJV,1
138,AQWA,FEMS,1
139,AQWA,FJP,1
140,AQWA,FTHI,1
141,AQWA,FTQI,1
142,AQWA,GRID,1
143,AQWA,HERD,1
144,AQWA,HLAL,1
145,AQWA,INDY,1
146,AQWA,IUS,1
147,AQWA,IUSV,1
148,AQWA,KBWP,1
149,AQWA,NFTY,1
150,AQWA,OPPJ,1
151,AQWA,PPH,1
152,AQWA,PPI,1
153,AQWA,PSET,1
90,AIRR,AQWA,1
89,AIQ,YLDE,1
88,AIQ,VSMV,1
87,AIQ,USMC,1
24,ACWI,USMC,1
25,ACWI,VSMV,1
26,ACWI,YLDE,1
27,ACWX,EWJV,1
28,ACWX,FICS,1
29,ACWX,IXUS,1
30,ACWX,KBWP,1
31,ACWX,PID,1
23,ACWI,UEVM,1
32,ACWX,RFDI,1
34,ACWX,VYMI,1
35,AGNG,AIRR,1
36,AGNG,AQWA,1
37,AGNG,DGRW,1
38,AGNG,DWUS,1
39,AGNG,ESMV,1
40,AGNG,FSCS,1
41,AGNG,FTA,1
33,ACWX,VXUS,1
22,ACWI,TDIV,1
21,ACWI,SPBC,1
20,ACWI,SHRY,1
1,AADR,DVOL,1
2,AADR,EBIZ,1
3,AADR,ISHP,1
4,AADR,KBWP,1
5,AADR,RTH,1
6,ACWI,DWUS,1
7,ACWI,EWJV,1
8,ACWI,FSCS,1
9,ACWI,FTCS,1
10,ACWI,FTHI,1
11,ACWI,GFGF,1
12,ACWI,IUS,1
13,ACWI,JSMD,1
14,ACWI,KBWP,1
15,ACWI,MILN,1
16,ACWI,PFM,1
17,ACWI,PNQI,1
18,ACWI,QCLR,1
19,ACWI,RDVY,1
42,AGNG,FTHI,1
203,BUG,DDIV,1
43,AGNG,GRID,1
45,AGNG,IUS,1
69,AIQ,FTHI,1
70,AIQ,FTQI,1
71,AIQ,HERD,1
72,AIQ,IUS,1
73,AIQ,IUSV,1
74,AIQ,JSMD,1
75,AIQ,KBWP,1
76,AIQ,OPPJ,1
68,AIQ,FJP,1
77,AIQ,PKW,1
79,AIQ,QQEW,1
80,AIQ,QQMG,1
81,AIQ,QQQE,1
82,AIQ,QQXT,1
83,AIQ,QVAL,1
84,AIQ,QYLD,1
85,AIQ,RDVY,1
86,AIQ,SPBC,1
78,AIQ,PNQI,1
67,AIQ,EWJV,1
66,AIQ,DGRW,1
65,AIQ,AQWA,1
46,AGNG,IUSV,1
47,AGNG,KBWP,1
48,AGNG,KNGZ,1
49,AGNG,KRMA,1
50,AGNG,PDP,1
51,AGNG,PFM,1
52,AGNG,PHO,1
53,AGNG,PPI,1
54,AGNG,PTF,1
55,AGNG,QCLR,1
56,AGNG,RDVY,1
57,AGNG,SHRY,1
58,AGNG,TDIV,1
59,AGNG,UEVM,1
60,AGNG,USXF,1
61,AGNG,VONV,1
62,AGNG,VSDA,1
63,AGNG,VSMV,1
64,AIQ,AIRR,1
44,AGNG,HERD,1
204,BUG,EBIZ,1
205,BUG,KBWP,1
206,CATH,DWUS,1
320,COMT,FSZ,1
321,COMT,GRID,1
322,COMT,HERD,1
323,COMT,HLAL,1
324,COMT,IUSV,1
325,COMT,IVAL,1
326,COMT,NFTY,1
327,COMT,OPPJ,1
319,COMT,FLN,1
328,COMT,PHO,1
330,COMT,PSET,1
331,COMT,PSL,1
332,COMT,PTNQ,1
333,COMT,QQEW,1
334,COMT,QQQE,1
335,COMT,QQXT,1
336,COMT,RNEM,1
337,COMT,SDVY,1
329,COMT,PSCI,1
318,COMT,FJP,1
317,COMT,FEMS,1
316,COMT,EWJV,1
297,CIBR,IPKW,1
298,CIBR,ISHP,1
299,CIBR,KBWP,1
300,CIBR,LEGR,1
301,CIBR,MILN,1
302,CIBR,PIZ,1
303,CIBR,PNQI,1
304,CIBR,RFDI,1
305,CIBR,RTH,1
306,CIL,FICS,1
307,CIL,KBWP,1
308,CIL,PID,1
309,CIL,VYMI,1
310,COMT,DAX,1
311,COMT,DGRW,1
312,COMT,DMXF,1
313,COMT,DWSH,1
314,COMT,ESGD,1
315,COMT,EUFN,1
338,COMT,SOXX,1
296,CIBR,EBIZ,1
339,COMT,VSDA,1
346,DAX,EUFN,1
370,DEMZ,PKW,1
371,DEMZ,PPI,1
372,DEMZ,PSC,1
373,DEMZ,QCLR,1
374,DEMZ,QVAL,1
375,DEMZ,RDVY,1
376,DEMZ,SHRY,1
377,DEMZ,SPBC,1
369,DEMZ,PDP,1
378,DEMZ,TDIV,1
380,DEMZ,USXF,1
381,DEMZ,VSMV,1
382,DGRW,DWAW,1
383,DGRW,DWUS,1
384,DGRW,ESGU,1
385,DGRW,FAD,1
386,DGRW,FNX,1
387,DGRW,FNY,1
379,DEMZ,USVM,1
368,DEMZ,KBWP,1
367,DEMZ,JSMD,1
366,DEMZ,IUSV,1
347,DAX,PIZ,1
348,DDIV,DVOL,1
349,DDIV,EBIZ,1
350,DDIV,MILN,1
351,DDIV,PEY,1
352,DDIV,PFI,1
353,DDIV,SIXG,1
354,DEMZ,DGRW,1
355,DEMZ,DWUS,1
356,DEMZ,ESMV,1
357,DEMZ,FNX,1
358,DEMZ,FNY,1
359,DEMZ,FSCS,1
360,DEMZ,FTA,1
361,DEMZ,FTCS,1
362,DEMZ,FTHI,1
363,DEMZ,FTQI,1
364,DEMZ,HERD,1
365,DEMZ,IUS,1
340,COMT,VYMI,1
746,ESMV,PSC,1
295,CFA,XOVR,1
293,CFA,VSMV,1
230,CATH,XOVR,1
231,CATH,YLDE,1
232,CDL,DDIV,1
233,CDL,DVOL,1
234,CDL,DWAW,1
235,CDL,EBIZ,1
236,CDL,FAD,1
237,CDL,FTC,1
229,CATH,VSMV,1
238,CDL,ISHP,1
240,CDL,PFI,1
241,CDL,PIZ,1
242,CDL,PTF,1
243,CDL,QMOM,1
244,CDL,SIXG,1
245,CEFA,EWJV,1
246,CEFA,FJP,1
247,CEFA,KBWP,1
239,CDL,MILN,1
228,CATH,VOTE,1
227,CATH,VONG,1
226,CATH,VONE,1
207,CATH,EBIZ,1
208,CATH,ESMV,1
209,CATH,FAD,1
210,CATH,FNY,1
211,CATH,FSCS,1
212,CATH,FTHI,1
213,CATH,FTQI,1
214,CATH,IUS,1
215,CATH,JSMD,1
216,CATH,KBWP,1
217,CATH,NZAC,1
218,CATH,PNQI,1
219,CATH,PSC,1
220,CATH,QCLR,1
221,CATH,RDVY,1
222,CATH,SPBC,1
223,CATH,TDIV,1
224,CATH,UEVM,1
225,CATH,USMC,1
248,CEFA,OPPJ,1
294,CFA,VTHR,1
249,CEFA,PID,1
251,CEFA,VIGI,1
275,CFA,PRN,1
276,CFA,PSC,1
277,CFA,PTF,1
278,CFA,QCLR,1
279,CFA,RDVY,1
280,CFA,RTH,1
281,CFA,SHRY,1
282,CFA,SIXG,1
274,CFA,PNQI,1
283,CFA,SPBC,1
285,CFA,USMC,1
286,CFA,USVM,1
287,CFA,USXF,1
288,CFA,VONE,1
289,CFA,VONG,1
290,CFA,VONV,1
291,CFA,VOTE,1
292,CFA,VSDA,1
284,CFA,TDIV,1
273,CFA,PFM,1
272,CFA,PDP,1
271,CFA,MILN,1
252,CFA,DWAW,1
253,CFA,DWUS,1
254,CFA,EBIZ,1
255,CFA,ESGU,1
256,CFA,ESMV,1
257,CFA,FAD,1
258,CFA,FEX,1
259,CFA,FSCS,1
260,CFA,FTA,1
261,CFA,FTC,1
262,CFA,FTCS,1
263,CFA,FTHI,1
264,CFA,FTQI,1
265,CFA,GFGF,1
266,CFA,IUS,1
267,CFA,IUSG,1
268,CFA,KBWP,1
269,CFA,LEXI,1
270,CFA,MDIV,1
250,CEFA,RNEM,1
747,ESMV,PTF,1
738,ESMV,MDIV,1
749,ESMV,QCLR,1
1209,FTA,VSDA,1
1210,FTA,VTHR,1
1211,FTA,XOVR,1
1212,FTC,FTCS,1
1213,FTC,FTHI,1
1214,FTC,IMCV,1
1215,FTC,KBWP,1
1216,FTC,MILN,1
1217,FTC,PKW,1
1218,FTC,PSC,1
1219,FTC,PSL,1
1220,FTC,QCLR,1
1221,FTC,RDVY,1
1222,FTC,RTH,1
1223,FTC,SPBC,1
1224,FTC,ULVM,1
1225,FTC,USMC,1
1208,FTA,VOTE,1
1207,FTA,VONG,1
1206,FTA,VONE,1
1205,FTA,USXF,1
1187,FTA,QMOM,1
1188,FTA,QQMG,1
1189,FTA,QQQ,1
1190,FTA,QQQM,1
1191,FTA,QTR,1
1192,FTA,QYLD,1
1193,FTA,QYLG,1
1194,FTA,RDVY,1
1226,FTC,VONV,1
1195,FTA,RFEM,1
1197,FTA,SIXG,1
1198,FTA,SKYY,1
1199,FTA,SPBC,1
1200,FTA,SUSL,1
1201,FTA,TDIV,1
1202,FTA,UEVM,1
1203,FTA,USMC,1
1204,FTA,USVM,1
1196,FTA,SHRY,1
1227,FTC,VSDA,1
1228,FTC,VSMV,1
1229,FTCS,FTHI,1
1252,FTCS,SHRY,1
1253,FTCS,SPBC,1
1254,FTCS,SUSL,1
1255,FTCS,TDIV,1
1256,FTCS,UEVM,1
1257,FTCS,ULVM,1
1258,FTCS,USMC,1
1259,FTCS,USVM,1
1251,FTCS,RFEM,1
1260,FTCS,USXF,1
1262,FTCS,VONG,1
1263,FTCS,VONV,1
1264,FTCS,VOTE,1
1265,FTCS,VSDA,1
1266,FTCS,VSMV,1
1267,FTCS,VTHR,1
1268,FTCS,XOVR,1
1269,FTGC,FTHI,1
1261,FTCS,VONE,1
1186,FTA,QCLR,1
1250,FTCS,RDVY,1
1248,FTCS,QMOM,1
1230,FTCS,FV,1
1231,FTCS,GFGF,1
1232,FTCS,IMCV,1
1233,FTCS,IUS,1
1234,FTCS,IUSG,1
1235,FTCS,IUSV,1
1236,FTCS,JSMD,1
1237,FTCS,KBWP,1
1249,FTCS,QVAL,1
1238,FTCS,LEXI,1
1240,FTCS,PDP,1
1241,FTCS,PFM,1
1242,FTCS,PKW,1
1243,FTCS,PPI,1
1244,FTCS,PRN,1
1245,FTCS,PSC,1
1246,FTCS,PY,1
1247,FTCS,QCLR,1
1239,FTCS,OPPJ,1
1185,FTA,PTF,1
1184,FTA,PSET,1
1183,FTA,PSC,1
1121,FSCS,GFGF,1
1122,FSCS,IUSG,1
1123,FSCS,JSMD,1
1124,FSCS,KBWP,1
1125,FSCS,KRMA,1
1126,FSCS,LEXI,1
1127,FSCS,MILN,1
1128,FSCS,NZAC,1
1120,FSCS,FTHI,1
1129,FSCS,ONEQ,1
1131,FSCS,PFM,1
1132,FSCS,PKW,1
1133,FSCS,PNQI,1
1134,FSCS,PRN,1
1135,FSCS,PSC,1
1136,FSCS,PTF,1
1137,FSCS,QCLR,1
1138,FSCS,RDVY,1
1130,FSCS,PDP,1
1139,FSCS,RTH,1
1119,FSCS,FTCS,1
1117,FPA,PIZ,1
1099,FNY,SPBC,1
1100,FNY,SUSL,1
1101,FNY,TDIV,1
1102,FNY,UEVM,1
1103,FNY,ULVM,1
1104,FNY,USMC,1
1105,FNY,USVM,1
1106,FNY,USXF,1
1118,FSCS,FTC,1
1107,FNY,VONE,1
1109,FNY,VOTE,1
1110,FNY,VSDA,1
1111,FNY,VSMV,1
1112,FNY,VTHR,1
1113,FNY,XOVR,1
1114,FPA,IGF,1
748,ESMV,PY,1
1116,FPA,KBWP,1
1108,FNY,VONG,1
1270,FTGC,FTQI,1
1140,FSCS,SHRY,1
1142,FSCS,SKYY,1
1165,FTA,GFGF,1
1166,FTA,IUSG,1
1167,FTA,JSMD,1
1168,FTA,KBWP,1
1169,FTA,KNGZ,1
1170,FTA,KRMA,1
1171,FTA,LEXI,1
1172,FTA,MILN,1
1164,FTA,FV,1
1173,FTA,NXTG,1
1175,FTA,ONEQ,1
1176,FTA,PDP,1
1177,FTA,PFM,1
1178,FTA,PHO,1
1179,FTA,PIZ,1
1180,FTA,PNQI,1
1181,FTA,PPH,1
1182,FTA,PRN,1
1174,FTA,NZAC,1
1141,FSCS,SIXG,1
1163,FTA,FTCS,1
1161,FSZ,VYMI,1
1143,FSCS,SPBC,1
1144,FSCS,SUSL,1
1145,FSCS,TDIV,1
1146,FSCS,UEVM,1
1147,FSCS,ULVM,1
1148,FSCS,USMC,1
1149,FSCS,USXF,1
1150,FSCS,VONE,1
1162,FTA,FTC,1
1151,FSCS,VONG,1
1153,FSCS,VOTE,1
1154,FSCS,VSDA,1
1155,FSCS,VSMV,1
1156,FSCS,VTHR,1
1157,FSCS,XOVR,1
1158,FSCS,YLDE,1
1159,FSZ,PID,1
1160,FSZ,RNEM,1
1152,FSCS,VONV,1
1098,FNY,SIXG,1
1271,FTGC,FTRI,1
1273,FTGC,FV,1
1384,FTHI,PIZ,1
1385,FTHI,PKW,1
1386,FTHI,PNQI,1
1387,FTHI,PRN,1
1388,FTHI,PSET,1
1389,FTHI,PTF,1
1390,FTHI,QCLR,1
1391,FTHI,QQEW,1
1392,FTHI,QQMG,1
1393,FTHI,QQQ,1
1394,FTHI,QQQE,1
1395,FTHI,QQQM,1
1396,FTHI,QQXT,1
1397,FTHI,QTEC,1
1398,FTHI,QTR,1
1399,FTHI,QYLD,1
1400,FTHI,QYLG,1
1383,FTHI,PHO,1
1382,FTHI,PFM,1
1381,FTHI,PFI,1
1380,FTHI,PDP,1
1362,FTGC,VXUS,1
1363,FTGC,VYMI,1
1364,FTGC,WCBR,1
1365,FTGC,XOVR,1
1366,FTGC,YLDE,1
1367,FTHI,GFGF,1
1368,FTHI,HERD,1
1369,FTHI,HLAL,1
1401,FTHI,RDVY,1
1370,FTHI,ISHP,1
1372,FTHI,IUSG,1
1373,FTHI,JSMD,1
1374,FTHI,KRMA,1
1375,FTHI,LEXI,1
1376,FTHI,MILN,1
1377,FTHI,NXTG,1
1378,FTHI,NZAC,1
1379,FTHI,ONEQ,1
1371,FTHI,IUS,1
1402,FTHI,RFDI,1
1403,FTHI,RTH,1
1404,FTHI,SDVY,1
1427,FTQI,IUSG,1
1428,FTQI,JSMD,1
1429,FTQI,KRMA,1
1430,FTQI,MILN,1
1431,FTQI,NXTG,1
1432,FTQI,NZAC,1
1433,FTQI,ONEQ,1
1434,FTQI,PDP,1
1426,FTQI,ISHP,1
1435,FTQI,PFI,1
1437,FTQI,PRN,1
1438,FTQI,PSC,1
1439,FTQI,PSET,1
1440,FTQI,PTF,1
1441,FTQI,QCLR,1
1442,FTQI,QQMG,1
1443,FTQI,QQQ,1
1444,FTQI,QQQM,1
1436,FTQI,PNQI,1
1361,FTGC,VTHR,1
1425,FTQI,HLAL,1
1423,FTQI,GFGF,1
1405,FTHI,SHRY,1
1406,FTHI,SKYY,1
1407,FTHI,SPBC,1
1408,FTHI,SUSL,1
1409,FTHI,TDIV,1
1410,FTHI,UEVM,1
1411,FTHI,USMC,1
1412,FTHI,USVM,1
1424,FTQI,HERD,1
1413,FTHI,USXF,1
1415,FTHI,VONE,1
1416,FTHI,VONG,1
1417,FTHI,VOTE,1
1418,FTHI,VSDA,1
1419,FTHI,VSMV,1
1420,FTHI,VTHR,1
1421,FTHI,XOVR,1
1422,FTHI,YLDE,1
1414,FTHI,VIGI,1
1360,FTGC,VSMV,1
1359,FTGC,VSDA,1
1358,FTGC,VOTE,1
1296,FTGC,NFTY,1
1297,FTGC,NXTG,1
1298,FTGC,NZAC,1
1299,FTGC,ONEQ,1
1300,FTGC,OPPJ,1
1301,FTGC,PDP,1
1302,FTGC,PEY,1
1303,FTGC,PFI,1
1295,FTGC,MILN,1
1304,FTGC,PFM,1
1306,FTGC,PID,1
1307,FTGC,PIZ,1
1308,FTGC,PKW,1
1309,FTGC,PNQI,1
1310,FTGC,PPH,1
1311,FTGC,PRN,1
1312,FTGC,PSC,1
1313,FTGC,PSCI,1
1305,FTGC,PHO,1
1314,FTGC,PSET,1
1294,FTGC,MDIV,1
1292,FTGC,LEXI,1
1274,FTGC,GFGF,1
1275,FTGC,GRID,1
1276,FTGC,HERD,1
1277,FTGC,HLAL,1
1278,FTGC,IGF,1
1279,FTGC,IMCV,1
1280,FTGC,INDY,1
1281,FTGC,IPKW,1
1293,FTGC,LVHD,1
1282,FTGC,ISHP,1
1284,FTGC,IUSV,1
1285,FTGC,IVAL,1
1286,FTGC,IXUS,1
1287,FTGC,JSMD,1
1288,FTGC,KBWP,1
1289,FTGC,KNGZ,1
1290,FTGC,KRMA,1
1291,FTGC,LEGR,1
1283,FTGC,IUSG,1
1272,FTGC,FTXL,1
1315,FTGC,PSL,1
1317,FTGC,PTNQ,1
1340,FTGC,SHRY,1
1341,FTGC,SIXG,1
1342,FTGC,SKYY,1
1343,FTGC,SOXX,1
1344,FTGC,SPBC,1
1345,FTGC,SUSL,1
1346,FTGC,TDIV,1
1347,FTGC,UAE,1
1339,FTGC,SDVY,1
1348,FTGC,UEVM,1
1350,FTGC,ULVM,1
1351,FTGC,USMC,1
1352,FTGC,USVM,1
1353,FTGC,USXF,1
1354,FTGC,VIGI,1
1355,FTGC,VONE,1
1356,FTGC,VONG,1
1357,FTGC,VONV,1
1349,FTGC,UIVM,1
1316,FTGC,PTF,1
1338,FTGC,RTH,1
1336,FTGC,RFEM,1
1318,FTGC,PUI,1
1319,FTGC,PY,1
1320,FTGC,QCLR,1
1321,FTGC,QMOM,1
1322,FTGC,QQEW,1
1323,FTGC,QQMG,1
1324,FTGC,QQQ,1
1325,FTGC,QQQE,1
1337,FTGC,RNEM,1
1326,FTGC,QQQM,1
1328,FTGC,QTEC,1
1329,FTGC,QTR,1
1330,FTGC,QTUM,1
1331,FTGC,QVAL,1
1332,FTGC,QYLD,1
1333,FTGC,QYLG,1
1334,FTGC,RDVY,1
1335,FTGC,RFDI,1
1327,FTGC,QQXT,1
1097,FNY,SDVY,1
1115,FPA,IPKW,1
1095,FNY,RDVY,1
866,FAD,PPI,1
867,FAD,PSL,1
868,FAD,PY,1
869,FAD,QCLR,1
870,FAD,RDVY,1
871,FAD,RTH,1
872,FAD,SIXG,1
873,FAD,SPBC,1
874,FAD,SUSL,1
875,FAD,UEVM,1
876,FAD,ULVM,1
877,FAD,USMC,1
878,FAD,USXF,1
879,FAD,VONE,1
880,FAD,VONG,1
881,FAD,VONV,1
882,FAD,VOTE,1
883,FAD,VSMV,1
884,FAD,VTHR,1
865,FAD,PKW,1
885,FAD,XOVR,1
864,FAD,PFM,1
862,FAD,MDIV,1
843,FAB,USVM,1
844,FAB,USXF,1
845,FAB,VONE,1
846,FAB,VONG,1
847,FAB,VOTE,1
848,FAB,VTHR,1
849,FAB,XOVR,1
850,FAD,FEX,1
851,FAD,FSCS,1
852,FAD,FTA,1
853,FAD,FTHI,1
854,FAD,FTQI,1
855,FAD,GFGF,1
856,FAD,IUS,1
857,FAD,IUSG,1
858,FAD,IUSV,1
859,FAD,KBWP,1
860,FAD,KNGZ,1
861,FAD,LEXI,1
863,FAD,PEY,1
886,FDT,FEP,1
887,FDT,FKU,1
888,FDT,IPKW,1
913,FEMS,PSCI,1
914,FEMS,PSET,1
915,FEMS,QQEW,1
916,FEMS,QQMG,1
917,FEMS,QQQE,1
918,FEMS,QTEC,1
919,FEMS,QVAL,1
920,FEMS,SDVY,1
921,FEMS,SOXX,1
922,FEP,IPKW,1
923,FEP,PID,1
924,FEP,UIVM,1
925,FEP,VYMI,1
1096,FNY,RTH,1
927,FEX,FSCS,1
928,FEX,FTA,1
929,FEX,FTC,1
930,FEX,FTCS,1
931,FEX,FTHI,1
912,FEMS,PRN,1
911,FEMS,PPI,1
910,FEMS,PPH,1
909,FEMS,PHO,1
889,FDT,PID,1
890,FDT,PIZ,1
891,FDT,UIVM,1
892,FDT,VYMI,1
893,FDTS,FEP,1
894,FDTS,FEUZ,1
895,FDTS,FICS,1
896,FDTS,FKU,1
897,FDTS,IPKW,1
842,FAB,UEVM,1
898,FDTS,RFDI,1
900,FEMS,FNK,1
901,FEMS,FTA,1
902,FEMS,FTXL,1
903,FEMS,GRID,1
904,FEMS,HERD,1
905,FEMS,INDY,1
906,FEMS,IUSV,1
907,FEMS,NFTY,1
908,FEMS,OPPJ,1
899,FDTS,UIVM,1
932,FEX,GFGF,1
841,FAB,TDIV,1
839,FAB,SPBC,1
773,EUFN,RFDI,1
774,EWJV,FTCS,1
775,EWJV,HERD,1
776,EWJV,IVAL,1
777,EWJV,IXUS,1
778,EWJV,MILN,1
779,EWJV,NXTG,1
780,EWJV,ONEQ,1
781,EWJV,PIZ,1
782,EWJV,PNQI,1
783,EWJV,QQEW,1
784,EWJV,QQMG,1
785,EWJV,QQQ,1
786,EWJV,QQQE,1
787,EWJV,QQQM,1
788,EWJV,QQXT,1
789,EWJV,QTEC,1
790,EWJV,RFDI,1
791,EWJV,RNEM,1
772,EUFN,PIZ,1
792,EWJV,UEVM,1
771,EUFN,FGM,1
769,EUFN,FEP,1
750,ESMV,RDVY,1
751,ESMV,SHRY,1
752,ESMV,SPBC,1
753,ESMV,SUSL,1
754,ESMV,TDIV,1
755,ESMV,UEVM,1
756,ESMV,USMC,1
757,ESMV,USVM,1
758,ESMV,USXF,1
759,ESMV,VONE,1
760,ESMV,VONG,1
761,ESMV,VONV,1
762,ESMV,VOTE,1
763,ESMV,VSDA,1
764,ESMV,VSMV,1
765,ESMV,VTHR,1
766,ESMV,XOVR,1
767,ESPO,PIZ,1
768,ESPO,QTUM,1
770,EUFN,FEUZ,1
793,EWJV,VIGI,1
794,EWJV,VONG,1
795,EWJV,VXUS,1
820,FAB,PRN,1
821,FAB,PSC,1
822,FAB,PSCI,1
823,FAB,PSET,1
824,FAB,PTNQ,1
825,FAB,QCLR,1
826,FAB,QMOM,1
827,FAB,QQMG,1
828,FAB,QQQ,1
829,FAB,QQQM,1
830,FAB,QTEC,1
831,FAB,QTR,1
832,FAB,QYLD,1
833,FAB,QYLG,1
834,FAB,RFEM,1
835,FAB,SDVY,1
836,FAB,SIXG,1
837,FAB,SKYY,1
838,FAB,SOXX,1
819,FAB,PPH,1
818,FAB,PNQI,1
817,FAB,PHO,1
816,FAB,PDP,1
796,EWJV,XOVR,1
797,FAB,FAD,1
798,FAB,FEMS,1
799,FAB,FNX,1
800,FAB,FNY,1
801,FAB,FTCS,1
802,FAB,FTHI,1
803,FAB,FTQI,1
804,FAB,FTXL,1
840,FAB,SUSL,1
805,FAB,FV,1
807,FAB,HLAL,1
808,FAB,INDY,1
809,FAB,IUSG,1
810,FAB,IUSV,1
811,FAB,JSMD,1
812,FAB,KRMA,1
813,FAB,MILN,1
814,FAB,NFTY,1
815,FAB,ONEQ,1
806,FAB,GFGF,1
933,FEX,IMCV,1
926,FEX,FNY,1
935,FEX,KBWP,1
1032,FNX,PPI,1
1033,FNX,PRN,1
1034,FNX,PSC,1
1035,FNX,PSCI,1
1036,FNX,PSET,1
1037,FNX,PTF,1
1038,FNX,QCLR,1
1039,FNX,QQMG,1
1031,FNX,PPH,1
1040,FNX,QQQ,1
1042,FNX,QTR,1
1043,FNX,QYLD,1
1044,FNX,QYLG,1
1045,FNX,SHRY,1
1046,FNX,SPBC,1
1047,FNX,SUSL,1
1048,FNX,TDIV,1
1049,FNX,UEVM,1
1041,FNX,QQQM,1
1050,FNX,USMC,1
1030,FNX,PNQI,1
1028,FNX,ONEQ,1
1010,FNK,TDIV,1
1011,FNK,USXF,1
1012,FNK,VONG,1
1013,FNK,XOVR,1
934,FEX,IUSG,1
1015,FNX,FTCS,1
1016,FNX,FTHI,1
1017,FNX,FTQI,1
1029,FNX,PDP,1
1018,FNX,FV,1
1020,FNX,HLAL,1
1021,FNX,IUS,1
1022,FNX,IUSG,1
1023,FNX,IUSV,1
1024,FNX,KBWP,1
1025,FNX,KNGZ,1
1026,FNX,KRMA,1
1027,FNX,NFTY,1
1019,FNX,GFGF,1
1051,FNX,USVM,1
1052,FNX,USXF,1
1053,FNX,VONE,1
1077,FNY,OPPJ,1
1078,FNY,PDP,1
1079,FNY,PEY,1
1080,FNY,PKW,1
1081,FNY,PPI,1
1082,FNY,PRN,1
1083,FNY,PSC,1
1084,FNY,PSET,1
1076,FNY,ONEQ,1
1085,FNY,PTF,1
1087,FNY,QCLR,1
1088,FNY,QMOM,1
1089,FNY,QQMG,1
1090,FNY,QQQ,1
1091,FNY,QQQM,1
1092,FNY,QTR,1
1093,FNY,QYLD,1
1094,FNY,QYLG,1
1086,FNY,PY,1
1075,FNY,NZAC,1
1074,FNY,NFTY,1
1073,FNY,MDIV,1
1054,FNX,VONG,1
1055,FNX,VOTE,1
1056,FNX,VSDA,1
1057,FNX,VSMV,1
1058,FNX,VTHR,1
1059,FNX,XOVR,1
1060,FNY,FTA,1
1061,FNY,FTC,1
1062,FNY,FTHI,1
1063,FNY,FTQI,1
1064,FNY,GFGF,1
1065,FNY,HLAL,1
1066,FNY,IMCV,1
1067,FNY,IUSG,1
1068,FNY,IUSV,1
1069,FNY,KBWP,1
1070,FNY,KNGZ,1
1071,FNY,KRMA,1
1072,FNY,LEXI,1
1009,FNK,SUSL,1
1008,FNK,SPBC,1
1014,FNX,FTA,1
1006,FNK,SDVY,1
959,FJP,IVAL,1
960,FJP,QQEW,1
961,FJP,QQQE,1
962,FJP,RFDI,1
963,FJP,RNEM,1
964,FKU,FPA,1
965,FKU,IPKW,1
966,FKU,KBWP,1
967,FKU,PID,1
968,FKU,PIZ,1
969,FKU,RFEM,1
1007,FNK,SOXX,1
971,FKU,UIVM,1
972,FKU,VYMI,1
973,FLN,FSZ,1
974,FLN,QTEC,1
975,FNK,FNY,1
976,FNK,FTHI,1
977,FNK,FTQI,1
958,FID,PIZ,1
978,FNK,FTXL,1
957,FICS,VYMI,1
955,FICS,UIVM,1
936,FEX,MDIV,1
937,FEX,MILN,1
938,FEX,PDP,1
939,FEX,PNQI,1
940,FEX,PRN,1
941,FEX,PSC,1
942,FEX,PTF,1
943,FEX,QCLR,1
944,FEX,RTH,1
945,FEX,SIXG,1
946,FEX,SPBC,1
947,FEX,USVM,1
948,FEX,USXF,1
949,FEX,VONG,1
950,FEX,VSMV,1
951,FEX,XOVR,1
952,FICS,IXUS,1
953,FICS,KBWP,1
954,FICS,PID,1
956,FICS,VXUS,1
979,FNK,FV,1
970,FKU,UEVM,1
981,FNK,HLAL,1
1005,FNK,QYLG,1
1004,FNK,QYLD,1
1003,FNK,QTR,1
1002,FNK,QTEC,1
1001,FNK,QQQM,1
1000,FNK,QQQE,1
999,FNK,QQQ,1
998,FNK,QQMG,1
980,FNK,GFGF,1
997,FNK,QQEW,1
996,FNK,QCLR,1
995,FNK,PTNQ,1
994,FNK,PTF,1
2900,XOVR,YLDE,1
992,FNK,PSCI,1
982,FNK,INDY,1
983,FNK,IUSV,1
984,FNK,KRMA,1
985,FNK,NFTY,1
993,FNK,PSET,1
987,FNK,PDP,1
988,FNK,PHO,1
986,FNK,ONEQ,1
991,FNK,PRN,1
990,FNK,PPH,1
989,FNK,PNQI,1
1731,HEAL,RNRG,2
181,BIB,HYDR,2
182,BIB,ICLN,2
183,BIB,KROP,2
184,BIB,QCLN,2
185,BIB,RNRG,2
186,BIB,SQQQ,2
199,BLCN,SQQQ,2
180,BIB,HEAL,2
1717,GNOM,RNRG,2
1716,GNOM,QCLN,2
1715,GNOM,ICLN,2
1714,GNOM,HYDR,2
2777,RNRG,SQQQ,2
2649,QCLN,SQQQ,2
187,BIB,TLT,2
179,BIB,GXDW,2
178,BIB,GNOM,2
177,BIB,CTEC,2
1730,HEAL,KROP,2
1729,GXDW,TLT,2
1728,GXDW,SQQQ,2
1727,GXDW,RNRG,2
1726,GXDW,QCLN,2
1725,GXDW,KROP,2
2070,KROP,SQQQ,2
2556,PSCH,SQQQ,2
1783,HYDR,ICLN,2
1784,HYDR,SQQQ,2
1785,ICLN,SQQQ,2
1723,GXDW,HYDR,2
341,CTEC,SQQQ,2
2557,PSCH,TLT,2
1732,HEAL,SQQQ,2
1718,GNOM,SQQQ,2
176,BIB,BLCN,2
2555,PSCH,RNRG,2
1724,GXDW,ICLN,2
